{
  "media": 6928.731343283582,
  "mediana": 5100.0,
  "desvio_padrao": 6449.662425696054,
  "min": 120.0,
  "max": 24500.0,
  "soma_total": 928450.0,
  "p25": 1200.0,
  "p75": 10800.0,
  "acima_da_media": 60.0
}